"Sp","Order","diet_hoc","wild_status_reseq","IUCN","threatened","harm_mean_wt2","gw_het_mean","outbred_het_mode","froh","ppn_conserved","phylop_kurtosis","ppn_miss_conserved","het_miss_impc_L","het_miss_impc_V","het_lof_impc_L","het_lof_impc_V","hom_miss_impc_L","hom_miss_impc_V"
"Acinonyx_jubatus","CARNIVORA","Carnivore","wild","VU",1,0.0775233629,0.00033515,0.00055,0.8686540046,0.0336215373,23.5318774532,0.131824438,"NA","NA","NA","NA",0.3085490668,0.3780470621
"Acomys_cahirinus","RODENTIA","Omnivore","captive","LC",0,2.5395797383,0.00012143,0.0004,0.9578568717,0.0363930166,20.8598963641,0.069991505,"NA","NA","NA","NA",0.2379464356,0.3154924829
"Ailuropoda_melanoleuca","CARNIVORA","Omnivore","captive","VU",1,1.1759829584,0.0044866,0.001,0.3374150936,0.0298732375,22.839135382,0.087624919,0.3235294118,0.2962962963,0,0,0.2540253328,0.3489171807
"Ailurus_fulgens","CARNIVORA","Omnivore","wild","EN",1,1.8658165867,"NA","NA","NA",0.0224212116,26.7279050523,0.062419442,"NA","NA","NA","NA",0.2236381585,0.3183922151
"Allactaga_bullata","RODENTIA","Omnivore","wild","LC",0,9.8754708206,0.00299768,0.0028,0.027533834,0.0377994762,22.2851469274,0.066352173,0.273006135,0.3170068027,0,0.0040816327,0.2241275208,0.2931758189
"Alouatta_palliata","PRIMATES","Herbivore","captive","EN",1,1.2811500087,0.00064198,0.0004,0.6743768472,0.0315243068,25.5738756801,0.089418022,0.3985507246,0.44375,0,0.003125,0.2781433524,0.3665021372
"Ammotragus_lervia","CETARTIODACTYLA","Herbivore","NA","VU",1,3.9322977122,0.00228849,0.0028,0.3282845925,0.0263816527,27.2214522585,0.060572848,0.2987654321,0.3417047184,0,0.003805175,0.2111463942,0.28567764
"Anoura_caudifer","CHIROPTERA","Omnivore","wild","LC",0,4.009531834,0.00216112,0.0015,0.1149008624,0.0317333302,23.5258162862,0.077565179,0.2566168009,0.333512931,0.002301496,0.0021551724,0.2304053649,0.3236652977
"Antilocapra_americana","CETARTIODACTYLA","Herbivore","captive","LC",0,3.509396035,0.00134034,0.0005,0.4824856735,0.0285859883,24.5793231195,0.068183352,0.2930327869,0.3770491803,0,0.0023419204,0.2240061542,0.3035886528
"Aotus_nancymaae","PRIMATES","Omnivore","captive","VU",1,"NA","NA","NA","NA",0.0277451845,26.8932840573,0.085157436,"NA","NA","NA","NA",0.2662926358,0.3458776214
"Aplodontia_rufa","RODENTIA","Herbivore","wild","LC",0,3.576008811,0.0024757,0.0015,0.091569229,0.0273203931,26.1164447149,0.058222188,0.3647058824,0.3944223108,0,0.0029880478,0.2192557984,0.3102894258
"Artibeus_jamaicensis","CHIROPTERA","Herbivore","wild","LC",0,4.7547747129,0.00470795,0.007,0.237308744,0.0311980683,23.5590366652,0.071592176,0.1977886978,0.2767483562,0.0024570025,0.0023909145,0.2323290607,0.3111784237
"Ateles_geoffroyi","PRIMATES","Omnivore","wild","EN",1,1.3632307539,0.00367714,0.0028,0.0669669142,0.0316530641,23.4793069857,0.090318072,0.2233804914,0.2716190476,0.0018207399,0.001028885,0.2719298246,0.3608296498
"Balaenoptera_acutorostrata","CETARTIODACTYLA","Carnivore","wild","LC",0,0.5518060286,0.00157339,0.0012,0.1433188526,0.0409706531,22.4224296096,0.159604373,0.4133611691,0.4508990318,0.0042016807,0.0027662517,0.3520876518,0.4108262108
"Balaenoptera_bonaerensis","CETARTIODACTYLA","Carnivore","wild","NT",1,0.5271824006,0.001340337,0.0025,0.0547374914,0.0341938127,24.5231095122,0.112446828,0.2470588235,0.3583815029,0.0117647059,0,0.2916145181,0.3730569948
"Beatragus_hunteri","CETARTIODACTYLA","Herbivore","captive","CR",1,0.8283551421,0.00045077,0.0004,0.6074211878,0.0294209705,24.5061043946,0.070458971,0.2795698925,0.3397435897,0,0.0192307692,0.2321756043,0.3146511095
"Bison_bison","CETARTIODACTYLA","Herbivore","wild","NT",1,2.4947843511,0.00298303,0.0005,0.06440913,0.0360986489,23.4987127815,0.11346818,0.3333333333,0.4047976012,0.001650165,0.0007501875,0.2686031332,0.345602655
"Bos_indicus","CETARTIODACTYLA","Herbivore","domestic","LC",0,2.44167298,0.00471316,0.003,0.0199831409,0.0372076069,24.6335460627,0.124066314,0.2736318408,0.309947644,0.003327787,0.0052465897,0.3125608569,0.3377672209
"Bos_mutus","CETARTIODACTYLA","Herbivore","domestic","LC",0,2.8159320457,0.00263639,0.0015,0.0663813483,0.0346732685,24.4095296065,0.105639155,0.3224543081,0.3579661017,0.0039164491,0.0054274084,0.2865529774,0.3325514725
"Bos_taurus","CETARTIODACTYLA","Herbivore","domestic","LC",0,2.9955828059,0.00283483,0.001,0.1194197285,0.0388945948,23.4849644554,0.109955423,0.2872628726,0.3779429988,0,0.0012406948,0.2764673615,0.3340040241
"Bubalus_bubalis","CETARTIODACTYLA","Herbivore","domestic","LC",0,4.1963608061,0.00283719,0.003,0.350612372,0.0309577844,25.7512616562,0.072446556,0.2829845314,0.3299856528,0.0027322404,0.0019147918,0.2240114916,0.3120455569
"Callicebus_donacophilus","PRIMATES","Omnivore","wild","LC",0,1.4348791213,0.00139201,0.0012,0.2913849552,0.0300878904,25.5664657321,0.094190211,0.3485714286,0.3986332574,0,0,0.2747620273,0.3594795539
"Callithrix_jacchus","PRIMATES","Omnivore","captive","LC",0,"NA","NA","NA","NA",0.0317212499,24.7805840472,0.084460102,"NA","NA","NA","NA",0.2515985756,0.3316093846
"Camelus_bactrianus","CETARTIODACTYLA","Omnivore","domestic","LC",0,1.1449738671,0.00200406,0.001,0.2489148698,0.0446065446,21.4955097369,0.201099764,0.3220720721,0.352165725,0.0045045045,0.0065913371,0.4112149533,0.423553719
"Camelus_dromedarius","CETARTIODACTYLA","Omnivore","domestic","LC",0,0.9498111149,0.00140346,0.0006,0.3459995848,0.0376200196,21.8756066394,0.127288088,0.3266666667,0.3948220065,0.0066666667,0.001618123,0.2866354045,0.3748467762
"Camelus_ferus","CETARTIODACTYLA","Omnivore","wild","CR",1,0.702638273,0.000450771,0.002,0.1034900894,0.0407476066,21.6634671376,0.180187638,0.3262032086,0.3911439114,0.0053475936,0.0110701107,0.3723577236,0.402448355
"Canis_lupus","CARNIVORA","Carnivore","domestic","LC",0,1.9645895391,0.0023162273,0.0013,0.1139007263,0.0377557274,24.0392758771,0.158178752,"NA","NA","NA","NA",0.2925764192,0.3814713896
"Canis_lupus_familiaris","CARNIVORA","Carnivore","wild","LC",0,2.4789912337,0.001925049,0.0027,0.2649483889,0.0328847173,26.6326133312,0.134687954,"NA","NA","NA","NA",0.3112244898,0.3480278422
"Capra_aegagrus","CETARTIODACTYLA","Herbivore","wild","NT",1,3.9847694207,0.004133799,0.0032,0.0152450117,0.0346554621,25.8103600345,0.11562942,0.2952243126,0.361167685,0.0014492754,0.0006788866,0.262987013,0.3422071636
"Capra_hircus","CETARTIODACTYLA","Herbivore","domestic","LC",0,3.7225446533,0.00122489,0.002,0.6141548124,0.0325217221,26.1494571815,"NA","NA","NA","NA","NA","NA","NA"
"Capromys_pilorides","RODENTIA","Omnivore","wild","LC",0,4.3330143581,0.00323016,0.0006,0.3423171228,0.0428362447,22.0120534528,0.079206136,0.417721519,0.2881355932,0.0254237288,0.0042735043,0.2306663924,0.2965900383
"Carollia_perspicillata","CHIROPTERA","Omnivore","wild","LC",0,4.9072909596,0.00706802,0.008,0.0181825952,0.033759108,21.893611802,0.072661289,0.2367491166,0.2892086331,0.0017667845,0.003599712,0.2455486542,0.3009237875
"Castor_canadensis","RODENTIA","Herbivore","wild","LC",0,1.6803277385,0.00141408,0.0012,0.2141351469,0.0315355466,25.2517466663,0.061664571,0.3473389356,0.3595041322,0.0028011204,0.0013793103,0.2344685396,0.309716202
"Catagonus_wagneri","CETARTIODACTYLA","Omnivore","captive","EN",1,3.0269035454,0.0040012,0.002,0.0206198849,0.0264190179,23.3988003584,0.067516862,0.2062714123,0.272019837,0.0013326987,0.0013986383,0.2365084296,0.3294256883
"Cavia_aperea","RODENTIA","Herbivore","NA","LC",0,"NA","NA","NA","NA",0.0329849841,26.6783280858,0.06677551,"NA","NA","NA","NA",0.1862416107,0.2547368421
"Cavia_porcellus","RODENTIA","Herbivore","captive","LC",0,"NA","NA","NA","NA",0.0653314747,16.6854469037,0.230961924,"NA","NA","NA","NA",0.3808290155,0.4122340426
"Cavia_tschudii","RODENTIA","Herbivore","captive","LC",0,5.0992668712,0.00083648,0.0004,0.6359314754,0.0555624236,20.1534529909,0.184194151,0.3402061856,0.4172661871,0.0034364261,0.0047961631,0.3674121406,0.437716263
"Cebus_albifrons","PRIMATES","Omnivore","captive","LC",0,0.9390144706,0.00179481,0.0018,0.1898207891,0.038239763,25.139473359,0.126302414,0.3471502591,0.4301833568,0,0.0014124294,0.3709677419,0.4170403587
"Cebus_capucinus","PRIMATES","Omnivore","wild","VU",1,0.6739980107,0.00164428,0.0008,0.1511857984,0.0411194019,21.3124586534,0.13565081,0.4621026895,0.4744444444,0.0073891626,0.0055679287,0.2854851644,0.3900455433
"Ceratotherium_simum","PERISSODACTYLA","Herbivore","wild","NT",1,"NA","NA","NA","NA",0.0427171921,20.3180040664,0.172377102,"NA","NA","NA","NA",0.3623529412,0.4495556717
"Ceratotherium_simum_cottoni","PERISSODACTYLA","Herbivore","wild","CR",1,0.432229114,0.00094734,0.001,0.4042295014,0.0426872049,21.245342658,0.157090909,0.380952381,0.4008097166,0,0,0.3333333333,0.4176245211
"Cercocebus_atys","PRIMATES","Omnivore","captive","VU",1,2.220117105,0.00383624,0.003,0.0482042381,0.0285201554,24.375652249,0.077354927,0.3087431694,0.3692929293,0.002739726,0.0008093889,0.247251069,0.3269529848
"Cercopithecus_neglectus","PRIMATES","Omnivore","captive","LC",0,1.3685705487,0.00173266,0.0014,0.2657895024,0.0284037462,23.7288332635,0.075260055,0.3625498008,0.3795066414,0.0079681275,0.0019047619,0.2433501078,0.3153526971
"Chaetophractus_vellerosus","CINGULATA","Omnivore","wild","LC",0,2.9226723243,"NA","NA","NA",0.0361391327,25.9263224272,0.077036562,"NA","NA","NA","NA",0.2379356568,0.3236100235
"Cheirogaleus_medius","PRIMATES","Herbivore","captive","VU",1,3.8479674292,0.00234781,0.0006,0.2735553117,0.026911987,23.7239523191,0.0732969,0.2168126963,0.2611420613,0.0007440476,0.0007786566,0.2489014962,0.3237340165
"Chinchilla_lanigera","RODENTIA","Herbivore","wild","EN",1,10.524461098,0.00529275,0.006,0.2222100611,0.0301515237,22.7237726271,0.065963061,0.2778810409,0.3045212766,0.0013947001,0.0015961692,0.2161393452,0.3012265321
"Chlorocebus_sabaeus","PRIMATES","Omnivore","captive","LC",0,2.1191941517,0.00255982,0.0022,0.2597999053,0.028594904,23.9014625442,0.087884193,0.347826087,0.3911019141,0,0.0025866529,0.2743467933,0.3542185266
"Choloepus_didactylus","PILOSA","Herbivore","wild","LC",0,0.9766622049,0.0021391,0.0006,0.2846588338,0.0509400022,19.817147395,0.141159598,"NA",0.5360824742,"NA",0,0.303030303,0.4027686223
"Choloepus_hoffmanni","PILOSA","Herbivore","wild","LC",0,2.0924267276,0.00154324,0.001,0.5533123408,0.0478611778,22.8561758643,0.142359113,0.4150943396,0.4103139013,0,0.0022421525,0.3061572159,0.3731484102
"Chrysochloris_asiatica","AFROSORICIDA","Carnivore","wild","LC",0,6.3468067426,"NA","NA","NA",0.0494544807,24.0410617526,0.08237968,"NA","NA","NA","NA",0.2162283323,0.2563766049
"Colobus_angolensis","PRIMATES","Herbivore","captive","VU",1,2.5125763922,0.00174004,0.0012,0.1366666746,0.0305291455,22.9804537273,0.095361081,0.3739612188,0.4566712517,0.0013869626,0.0020632737,0.2833201111,0.371705746
"Condylura_cristata","EULIPOTYPHLA","Carnivore","captive","LC",0,"NA","NA","NA","NA",0.0347040159,18.3631072057,0.072588597,"NA","NA","NA","NA",0.2232698007,0.3096511812
"Craseonycteris_thonglongyai","CHIROPTERA","Carnivore","wild","NT",1,1.4245405276,0.00087222,0.0006,0.365641555,0.035004151,20.4803683661,0.089831919,0.4891304348,0.3519313305,0.0108695652,0.017167382,0.262389561,0.3527608075
"Cricetomys_gambianus","RODENTIA","Omnivore","wild","LC",0,5.6567253691,0.00184828,0.0019,0.1855654853,0.036417098,18.6936076248,0.079653294,0.2831215971,0.3417721519,0.001814882,0.0042194093,0.2458627317,0.3280051754
"Cricetulus_griseus","RODENTIA","Herbivore","captive","LC",0,9.3133015288,0.00114096,0.0026,0.7574876604,0.0407875924,20.2549088831,0.074227143,0.4133663366,0.43281471,0.0099009901,0.0170454545,0.2198153214,0.2887107411
"Crocidura_indochinensis","EULIPOTYPHLA","Carnivore","NA","LC",0,16.9216147673,0.00400048,0.0027,0.0774261155,0.0597415734,19.1410894568,0.100064977,"NA",0.4791666667,"NA",0,0.2736535662,0.2660217654
"Cryptoprocta_ferox","CARNIVORA","Carnivore","captive","VU",1,1.216402414,0.00142852,0.0014,0.114793898,0.0245715695,25.3862306486,0.061264686,0.2612244898,0.3288135593,0,0.004519774,0.2165553857,0.3156374864
"Ctenodactylus_gundi","RODENTIA","Herbivore","wild","LC",0,8.2737455552,0.00212671,0.0018,0.0840022343,0.0376118885,20.1529636729,0.077659834,0.3183098592,0.3891733723,0.0014084507,0.0029261156,0.2476325528,0.3293623752
"Ctenomys_sociabilis","RODENTIA","Herbivore","captive","CR",1,4.7727756828,0.00045567,0.0004,0.7915734979,0.0378525324,25.5523930889,0.07607027,0.2692307692,0.4699453552,0,0.0111111111,0.2281831943,0.3048598418
"Cuniculus_paca","RODENTIA","Herbivore","wild","LC",0,2.656226009,0.0056986,0.0075,0.1243459637,0.034107763,22.8299597993,0.068098098,0.3066666667,0.3130630631,0.0067114094,0,0.2289182283,0.2946539577
"Dasyprocta_punctata","RODENTIA","Omnivore","captive","LC",0,6.3975561229,0.00541289,0.0011,0.1260234347,0.0312602689,24.0362831586,0.069244593,0.220703125,0.3100940975,0.0029296875,0.0017115961,0.2266960838,0.3083067387
"Dasypus_novemcinctus","CINGULATA","Carnivore","NA","LC",0,2.0124519018,0.0029352,0.002,0.2273802323,0.0379974168,25.0222523649,0.088512144,0.323943662,0.488372093,0,0,0.267129545,0.3657743643
"Daubentonia_madagascariensis","PRIMATES","Omnivore","wild","EN",1,1.3066976356,0.0006939,0.0005,0.4581661047,0.022979456,24.8237509314,0.063350363,0.3380681818,0.4389359129,0.0028490028,0.0024183797,0.2432994112,0.3235684304
"Delphinapterus_leucas","CETARTIODACTYLA","Carnivore","captive","LC",0,0.0162344647,0.00090743,0.0006,0.1648732416,0.0367290775,22.9283464258,0.122688212,"NA",0.5714285714,"NA",0.0238095238,0.3208191126,0.3777164125
"Desmodus_rotundus","CHIROPTERA","Carnivore","captive","LC",0,6.9727814792,0.00694638,0.0075,0.043296866,0.0272964926,24.9522482608,0.06611928,0.2512838069,0.3188821211,0.002739726,0.0017921147,0.2156854664,0.316800015
"Dicerorhinus_sumatrensis","PERISSODACTYLA","Herbivore","wild","CR",1,0.9986524308,0.00143484,0.0014,0.357907229,0.0311420496,22.814966917,0.09187638,0.3703099511,0.4423368741,0,0.0037936267,0.2755507403,0.3550035357
"Diceros_bicornis","PERISSODACTYLA","Herbivore","wild","CR",1,0.8525930063,0.00160248,0.001,0.1857044045,0.0365540738,21.3771606902,0.106713959,0.3479923518,0.4179236912,0,0.0008880995,0.291179956,0.368071934
"Dinomys_branickii","RODENTIA","Herbivore","NA","LC",0,1.1294666864,0.00045156,0.0004,0.6270674755,0.0314219419,24.1422970487,0.081225273,0.3868613139,0.4736842105,0.0072992701,0,0.2437971106,0.3208821178
"Dipodomys_ordii","RODENTIA","Omnivore","NA","LC",0,"NA","NA","NA","NA",0.0395747239,17.9941552829,0.06771077,"NA","NA","NA","NA",0.1880602366,0.2617668356
"Dipodomys_stephensi","RODENTIA","Omnivore","NA","VU",1,4.9896881526,0.00142121,0.0006,0.2988828677,0.0328348156,23.134180474,0.063050083,0.2040816327,0.2285936114,0.0006127451,0.0011096316,0.2065291317,0.2676130853
"Dolichotis_patagonum","RODENTIA","Herbivore","captive","NT",1,5.7986085411,0.00368481,0.0076,0.3788285895,0.0325238416,24.4294742206,0.072142628,0.2574102964,0.3405594406,0.0015600624,0.0027972028,0.2141401223,0.3045733229
"Echinops_telfairi","AFROSORICIDA","Carnivore","captive","LC",0,6.4478241134,0.00350463,0.004,0.1761353849,0.0482176059,17.1117738674,0.100720041,0.3123993559,0.3551244201,0.0088566828,0.0025337838,0.2548870513,0.3309348915
"Eidolon_helvum","CHIROPTERA","Herbivore","wild","NT",1,6.4080800038,0.00589309,0.0025,0.0160760749,0.0307942179,21.8099769213,0.086946057,0.2074198988,0.2804399057,0.0016891892,0.0039277298,0.2487140696,0.3403353849
"Elaphurus_davidianus","CETARTIODACTYLA","Herbivore","captive","CR",1,1.9384958694,0.00129031,0.0006,0.4999763329,0.0262651284,27.0498441237,0.05946389,0.3636363636,0.3279022403,0.003030303,0.0020366599,0.2158731751,0.296968289
"Elephantulus_edwardii","MACROSCELIDEA","Carnivore","wild","LC",0,11.4058993785,0.00322691,0.002,0.1166180601,0.0409397535,26.7974831452,0.072700495,"NA","NA","NA","NA",0.2455003183,0.2867595445
"Ellobius_lutescens","RODENTIA","Herbivore","captive","LC",0,8.591954956,0.007153413,0.0017,0.1722605537,0.0449849947,19.3014020579,0.123120745,0.462295082,0.4932432432,0.0165016502,0.0101351351,0.271829984,0.3653354956
"Ellobius_talpinus","RODENTIA","Herbivore","captive","LC",0,6.272204128,0.00161171,0.0006,0.2226606833,0.0433924499,20.1432441633,0.123472754,0.4032258065,0.3709677419,0.0053763441,0.002688172,0.3065706254,0.3600767482
"Enhydra_lutris","CARNIVORA","Carnivore","wild","EN",1,0.3831371865,0.00063031,0.0006,0.5130107356,0.0325975334,22.8465034312,0.082342341,0.3351955307,0.4380165289,0.0055865922,0,0.2281715678,0.3076209111
"Eptesicus_fuscus","CHIROPTERA","Carnivore","wild","LC",0,"NA","NA","NA","NA",0.0278998653,24.7646575893,0.060751575,"NA","NA","NA","NA",0.2309856273,0.3032928502
"Equus_asinus","PERISSODACTYLA","Herbivore","domestic","LC",0,1.4465897955,0.00202603,0.0016,0.0399119003,0.0309465939,22.9914350858,0.093246618,0.3070652174,0.4287812041,0,0.0044052863,0.2798537128,0.3347714147
"Equus_caballus","PERISSODACTYLA","Herbivore","domestic","LC",0,3.2789970646,0.007068018,0.00175,0.0033617369,0.0392958153,21.9171602602,0.150997151,0.3537832311,0.4382433669,0.0020449898,0,0.3401253918,0.4234592445
"Equus_przewalskii","PERISSODACTYLA","Herbivore","captive","EN",1,2.8161463737,0.00254939,0.0015,0.0609522368,0.0401447854,21.9107016208,0.174700474,0.364628821,0.394047619,0,0.0035756853,0.3853354134,0.4338662791
"Erinaceus_europaeus","EULIPOTYPHLA","Omnivore","NA","LC",0,"NA","NA","NA","NA",0.0405742508,20.4205888685,0.085430436,"NA","NA","NA","NA",0.2487372375,0.3197344821
"Erythrocebus_patas","PRIMATES","Omnivore","captive","NT",1,1.2083524373,0.00205865,0.0018,0.0500408663,0.030678743,23.6309871371,0.085898281,0.3146341463,0.3794642857,0.0073170732,0.0017857143,0.2512671977,0.3404881639
"Eschrichtius_robustus","CETARTIODACTYLA","Carnivore","wild","LC",0,0.1850868874,0.00073898,0.0006,0.3146489962,0.0362676744,22.6429026369,0.124445,0.4088888889,0.4247572816,0.0133333333,0,0.3063822158,0.3969803136
"Eubalaena_japonica","CETARTIODACTYLA","Carnivore","wild","EN",1,0.6276570261,0.00191839,0.001,0.1924596276,0.036158923,23.0159894275,0.122354795,0.3556231003,0.4069319641,0,0.0051413882,0.3274853801,0.3965874661
"Eulemur_flavifrons","PRIMATES","Herbivore","captive","CR",1,3.388752971,0.00208996,0.0012,0.1637606355,0.0297092255,23.395419099,0.077248575,0.3095512083,0.3715395823,0.001150748,0.0038872692,0.2434049497,0.2965964344
"Eulemur_fulvus","PRIMATES","Herbivore","captive","VU",1,3.661750197,0.00668578,0.0063,0.01095415,0.0262716246,26.0076354649,0.068173375,0.2680652681,0.2987234043,0.0011655012,0.0008510638,0.253968254,0.2973503435
"Felis_catus","CARNIVORA","Carnivore","domestic","LC",0,2.8062152605,0.00192689,0.0041,0.5760585569,0.0231476287,29.1395252708,0.057942781,"NA","NA","NA","NA",0.2051532942,0.294155739
"Felis_nigripes","CARNIVORA","Carnivore","captive","VU",1,1.2075322156,0.00068493,0.0006,0.4337779233,0.0257543506,25.7922937388,0.075030254,0.3636363636,0.40625,0.0454545455,0,0.2514367816,0.298857868
"Fukomys_damarensis","RODENTIA","Omnivore","captive","LC",0,3.6757281316,0.00118682,0.0008,0.3859088382,0.034032295,24.8788857683,0.090306601,0.3522012579,0.410801964,0.0031446541,0.0016393443,0.2623865632,0.3429728578
"Galeopterus_variegatus","DERMOPTERA","Herbivore","wild","LC",0,2.867245229,0.00433487,0.0068,0.2820295726,0.035987029,22.0624066268,0.084223482,0.2859060403,0.3613404565,0.0013422819,0.0014584346,0.272160179,0.3539819849
"Giraffa_tippelskirchi","CETARTIODACTYLA","Herbivore","wild","EN",1,0.8803322725,0.00110468,0.0005,0.3556912392,0.0344796289,22.2048454593,0.08432155,0.4035874439,0.3760683761,0,0,0.2302916428,0.314031528
"Glis_glis","RODENTIA","Omnivore","wild","LC",0,0.05197044,0.00070358,0.0006,0.0940775749,0.0293518755,22.5279244553,0.059852829,"NA",0.5862068966,"NA",0,0.2374886946,0.2958693564
"Gorilla_gorilla","PRIMATES","Herbivore","captive","CR",1,0.5033127466,0.00529792,0.0045,0.0184823647,0.0314701709,22.7889320929,0.103758402,0.3925925926,0.4255319149,0.0074074074,0.0102214651,0.2926741573,0.3741841098
"Graphiurus_murinus","RODENTIA","Omnivore","captive","LC",0,14.733755921,0.00234642,0.007,0.6309884963,0.0286830678,23.2333025686,0.062725003,0.2916666667,0.2629815745,0,0.0016750419,0.2443922796,0.3040737415
"Helogale_parvula","CARNIVORA","Omnivore","captive","LC",0,3.7907127091,0.00111729,0.0016,0.5242012959,0.0283357031,24.2449028586,0.074620832,0.3227091633,0.3509749304,0.0039840637,0.004178273,0.2506034868,0.3135751379
"Hemitragus_hylocrius","CETARTIODACTYLA","Herbivore","NA","EN",1,0.9875454954,0.00067768,0.0004,0.8087627442,0.0317342493,25.0603740214,0.083998859,0.375,0.4294478528,0,0.0185185185,0.2373927039,0.3082410824
"Heterocephalus_glaber","RODENTIA","Herbivore","captive","LC",0,2.2644333928,0.00107597,0.0006,0.3008282028,0.0448013822,23.2548653683,0.114328767,0.4929971989,0.4810495627,0.0140449438,0.0116788321,0.2811837103,0.3434705527
"Heterohyrax_brucei","HYRACOIDEA","Herbivore","captive","LC",0,3.3982506539,0.00478825,0.0045,0.0682398556,0.035252218,21.4159015231,0.076921288,0.2407566638,0.319049837,0,0.0018639329,0.235221843,0.3023332891
"Hippopotamus_amphibius","CETARTIODACTYLA","Herbivore","captive","VU",1,2.528971853,0.003224,0.002,0.1907329329,0.0262478294,25.3913528566,0.076710529,0.3195876289,0.36,0.0034364261,0.0019047619,0.2693654857,0.3594209887
"Hipposideros_armiger","CHIROPTERA","Carnivore","wild","LC",0,3.6933584038,0.00265067,0.002,0.0804071167,0.0279889423,23.7276176493,0.082295469,0.2860465116,0.367804878,0,0.003902439,0.2509374683,0.3366477616
"Hipposideros_galeritus","CHIROPTERA","Carnivore","wild","LC",0,3.4166881013,0.00463758,0.005,0.092652497,0.0302197776,24.1158612485,0.077680944,0.2723631509,0.3048283886,0.0053404539,0.0029137529,0.2434916758,0.3214346615
"Homo_sapiens","PRIMATES","Omnivore","domestic","LC",0,"NA","NA","NA","NA",0.0347135641,21.8592775379,"NA","NA","NA","NA","NA","NA","NA"
"Hyaena_hyaena","CARNIVORA","Carnivore","captive","NT",1,0.9935354319,0.00124806,0.001,0.2829604425,0.0242400686,24.7266757638,0.059783159,0.2788461538,0.3665158371,0,0,0.2290527626,0.3204456341
"Hydrochoerus_hydrochaeris","RODENTIA","Herbivore","wild","LC",0,1.1954805843,0.00097824,0.001,0.1916542939,0.0350081983,24.2955774365,0.08740239,0.3590425532,0.4504391468,0.0053191489,0.0037688442,0.2360773389,0.3246607901
"Hystrix_cristata","RODENTIA","Omnivore","captive","LC",0,2.263827527,0.00430313,0.0046,0.019435053,0.0282553045,24.8151153385,0.068109607,0.2960644007,0.3599704033,0.0044722719,0.0022205774,0.237066045,0.3159874746
"Ictidomys_tridecemlineatus","RODENTIA","Omnivore","captive","LC",0,15.9663619543,0.00401344,0.0005,0.2900693515,0.0293492753,24.986747369,0.066603515,0.4161958569,0.3701964133,0.013195099,0.0119760479,0.221298369,0.2963698242
"Indri_indri","PRIMATES","Herbivore","wild","CR",1,2.4183446504,0.00536382,0.0058,0.1972346911,0.028137625,23.8325803029,0.075374042,0.2740825688,0.3416898793,0.003440367,0.0018578727,0.2442517904,0.3414445019
"Inia_geoffrensis","CETARTIODACTYLA","Carnivore","wild","EN",1,0.555235307,0.00084139,0.0005,0.3604410035,0.0359107846,22.545651135,0.111483113,0.3133333333,0.4778761062,0,0.0044247788,0.3021041175,0.3821973112
"Jaculus_jaculus","RODENTIA","Herbivore","captive","LC",0,10.1415975208,0.00455942,0.0045,0.0071623679,0.0469982671,19.439070673,0.078332332,0.2799263352,0.3206437635,0.0024585126,0.0055779362,0.2168369287,0.2853798807
"Kogia_breviceps","CETARTIODACTYLA","Carnivore","wild","LC",0,1.6227718308,0.00670646,0.007,0.0129119639,0.0349233026,22.6724754144,0.110193853,0.2782258065,0.3305594082,0.0020181635,0.0027752081,0.3001726784,0.3859031906
"Lasiurus_borealis","CHIROPTERA","Carnivore","wild","LC",0,6.2806520196,0.00715341,0.0006,0.4373037797,0.04700051,19.3951517007,0.083973402,0.1929012346,0.2615701063,0.0046296296,0.0037722908,0.2305821025,0.2920573147
"Lemur_catta","PRIMATES","Omnivore","captive","EN",1,3.3315526078,0.00341765,0.002,0.1952908513,0.0258914987,23.6918826108,0.074393271,0.2782152231,0.3491498616,0.0008748906,0.0003955696,0.2504133035,0.3370737458
"Leptonychotes_weddellii","CARNIVORA","Carnivore","wild","LC",0,"NA","NA","NA","NA",0.0330931194,23.9923153047,0.10088572,"NA","NA","NA","NA",0.2869666861,0.3633463311
"Lepus_americanus","LAGOMORPHA","Omnivore","NA","LC",0,6.7196567631,0.00413877,0.003,0.0694709721,0.0289377239,27.5062625326,0.060885914,0.2527777778,0.314968815,0.0083333333,0.0020790021,0.2212168487,0.2817765939
"Lipotes_vexillifer","CETARTIODACTYLA","Carnivore","NA","CR",1,"NA","NA","NA","NA",0.0352033616,23.339805169,0.118666144,"NA","NA","NA","NA",0.3121937158,0.3895168498
"Loxodonta_africana","PROBOSCIDEA","Herbivore","wild","EN",1,1.0565797832,0.00245532,0.0008,0.1415816506,0.039037561,18.4695735189,0.091061652,0.4246231156,0.4296520424,0.0025125628,0.0015128593,0.2614494933,0.3538420378
"Lycaon_pictus","CARNIVORA","Carnivore","wild","EN",1,0.142677882,0.00259262,0.0022,0.0105269722,0.033037007,23.9412196083,0.088708866,"NA",0.6296296296,"NA",0,0.2412587413,0.3034727144
"Macaca_fascicularis","PRIMATES","Omnivore","captive","VU",1,1.9941141025,0.00434966,0.0045,0.0279958146,0.0294200419,24.1984271767,0.079508324,0.2916235781,0.3739009718,0.0056876939,0.0020838157,0.2464938377,0.3348937703
"Macaca_mulatta","PRIMATES","Omnivore","wild","LC",0,1.8294488581,0.00554396,0.0058,0.0074599924,0.0319913482,24.5365124989,0.088287154,0.2834293026,0.3541229385,0.0006402049,0.0030012005,0.2851754055,0.3512908521
"Macaca_nemestrina","PRIMATES","Omnivore","captive","VU",1,"NA","NA","NA","NA",0.0322782031,22.8024152737,0.09470405,"NA","NA","NA","NA",0.2931301653,0.3537367953
"Macroglossus_sobrinus","CHIROPTERA","Herbivore","wild","LC",0,4.7022902917,0.00259465,0.0007,0.2652732073,0.0328922263,21.0297385312,0.086848323,0.3053777209,0.3524379812,0.0038412292,0.001283148,0.2545217836,0.3314378832
"Mandrillus_leucophaeus","PRIMATES","Omnivore","NA","EN",1,3.4976100937,0.00260813,0.001,0.0446897696,0.0273088197,24.1152918781,0.07726753,0.3377885784,0.3814935065,0.00486618,0.0021645022,0.2455938697,0.3396665374
"Manis_javanica","PHOLIDOTA","Carnivore","wild","CR",1,4.886439149,0.00278216,0.0022,0.1223792213,0.0439772306,18.5369657379,0.123890845,0.3494897959,0.3778040142,0.0051020408,0.0023612751,0.2874315153,0.352740144
"Manis_pentadactyla","PHOLIDOTA","Carnivore","NA","CR",1,3.2763911723,0.00193404,0.0006,0.4104681849,0.0345882668,22.4764157799,0.112610889,0.625,0.5104408353,0.0109489051,0.0164705882,0.2866211522,0.3525220135
"Marmota_marmota","RODENTIA","Omnivore","wild","LC",0,1.4441813495,0.00091127,0.0005,0.6026483591,0.0289940856,26.2993012791,0.078745116,0.5212765957,0.5784753363,0,0.0044843049,0.2300613497,0.3086296263
"Megaderma_lyra","CHIROPTERA","Carnivore","wild","LC",0,2.4916827965,0.00163614,0.0016,0.1452915911,0.0301358814,22.9179590745,0.072921771,0.2883435583,0.3363390442,0.004601227,0.0045085663,0.2540911154,0.3352028834
"Mellivora_capensis","CARNIVORA","Omnivore","wild","LC",0,1.825096275,0.00298303,0.003,0.1096502903,0.0303512967,22.9390289105,0.075416709,0.2690863579,0.3271509531,0.0050062578,0.0041215868,0.2417510188,0.3166009322
"Meriones_unguiculatus","RODENTIA","Herbivore","captive","LC",0,14.3334060899,0.00064554,0.0002,0.7295323313,0.0307901528,23.701840174,0.060522981,0.3099415205,0.2901960784,0.0175438596,0.0078740157,0.2022174018,0.2637501251
"Mesocricetus_auratus","RODENTIA","Omnivore","captive","VU",1,2.6207076189,0.00101088,0.0005,0.6653692711,0.0334301968,21.7039690307,0.066516109,0.5643564356,0.4733727811,0.0198019802,0.005952381,0.2256088309,0.299880797
"Mesoplodon_bidens","CETARTIODACTYLA","Carnivore","wild","LC",0,0.6189263462,0.00175119,0.0015,0.0755602621,0.0367891661,23.0136160755,0.104382528,0.6053113553,0.5906389302,0.0168067227,0.0143613001,0.2953989776,0.3613662161
"Microcebus_murinus","PRIMATES","Omnivore","captive","LC",0,6.6314265917,0.00470608,0.0054,0.2557364628,0.0239834641,30.2476632387,0.057710327,0.2518272425,0.2933475822,0.0019946809,0.002137323,0.2176301843,0.302265625
"Microgale_talazaci","AFROSORICIDA","Carnivore","wild","LC",0,7.7825030646,0.00461713,0.0052,0.0807521787,0.0425264697,21.5249289271,0.080865972,0.2528735632,0.2989756722,0.0014367816,0.0025608195,0.2498388465,0.3251816637
"Micronycteris_hirsuta","CHIROPTERA","Carnivore","wild","LC",0,4.0611497832,0.00469223,0.0055,0.1587165692,0.0292885687,24.1917556508,0.068838121,0.2244245524,0.296400626,0.0019193858,0.0018785222,0.2257672104,0.3187448288
"Microtus_ochrogaster","RODENTIA","Herbivore","captive","LC",0,25.2022302393,0.00538527,0.0102,0.3447517421,0.036717688,21.1307310285,0.067933197,0.2580428954,0.281184669,0.00402955,0.0027874564,0.2141191741,0.2814215985
"Miniopterus_natalensis","CHIROPTERA","Carnivore","wild","LC",0,2.597690939,0.00134344,0.0008,0.2052103803,0.0265225087,26.5902650639,0.06754898,0.2583586626,0.3728571429,0,0.0014285714,0.2353069696,0.3163043478
"Miniopterus_schreibersii","CHIROPTERA","Carnivore","wild","VU",1,2.5133512431,0.00088121,0.0005,0.3855464235,0.0288579644,22.8373776867,0.069200949,0.2961373391,0.3662650602,0,0.0048192771,0.1948517432,0.2889177771
"Mirounga_angustirostris","CARNIVORA","Carnivore","wild","LC",0,0.4470964566,0.00035631,0.0004,0.6226381227,0.0312753425,24.2813189753,0.09344108,0.3793103448,0.3939393939,0,0.0075757576,0.2769311613,0.3767029253
"Mirza_coquereli","PRIMATES","Omnivore","captive","EN",1,4.2423294573,0.00371289,0.0008,0.1094603851,0.0266035369,24.9789791305,0.068054456,"NA","NA","NA","NA",0.224491956,0.3180308654
"Monodon_monoceros","CETARTIODACTYLA","Carnivore","wild","LC",0,0.1806594643,0.00086906,0.0006,0.1487198931,0.0390071352,22.2515775496,0.136681187,0.323943662,0.4501718213,0,0,0.3432392273,0.3970884658
"Mormoops_blainvillei","CHIROPTERA","Carnivore","wild","LC",0,4.6553464067,0.00410376,0.0041,0.0649223332,0.0260642008,25.6740721446,0.065378056,0.2232435982,0.2906824147,0.0045992116,0.000656168,0.2182467181,0.3223785846
"Moschus_moschiferus","CETARTIODACTYLA","Herbivore","captive","VU",1,2.1299945747,0.00145075,0.001,0.3123350992,0.0298704579,24.908997573,0.075185617,0.3314917127,0.3964165733,0.0027624309,0.0055991041,0.2497262236,0.3213000696
"Mungos_mungo","CARNIVORA","Carnivore","wild","LC",0,4.0759854784,0.00247901,0.0013,0.1030049282,0.0267049507,25.4622721688,0.069650781,0.3010262258,0.3484139366,0,0.0041601664,0.2233216066,0.3096266639
"Murina_feae","CHIROPTERA","Carnivore","wild","LC",0,4.0610330533,0.00319244,0.0014,0.0883183238,0.0343282276,22.6812964409,0.073253908,0.245398773,0.2923173017,0.0015337423,0.0012492192,0.2334295757,0.3249394673
"Mus_caroli","RODENTIA","Omnivore","captive","LC",0,2.3903605137,0.00027285,0.0004,0.9098232864,0.0361021617,23.1812662885,0.06587947,"NA","NA","NA","NA",0.2094656922,0.2697727732
"Mus_musculus","RODENTIA","Omnivore","wild","LC",0,"NA","NA","NA","NA",0.0372507353,23.670052599,0.070364428,"NA","NA","NA","NA",0.1922379398,0.2317917993
"Mus_pahari","RODENTIA","Omnivore","captive","LC",0,"NA",0.004656557,0.0011,0.9903494676,0.0347772079,22.8104097074,0.069818081,"NA","NA","NA","NA",0.2231204982,0.2800427807
"Mus_spretus","RODENTIA","Omnivore","captive","LC",0,0.5611842808,0.00038895,0.0004,0.8333688191,0.0393498475,22.7256025849,0.077001339,0.6046511628,0.6759259259,0.007751938,0.0277777778,0.2085142137,0.2711166844
"Muscardinus_avellanarius","RODENTIA","Omnivore","wild","LC",0,1.4430693064,0.00030312,0.0005,0.8388595094,0.0305144738,23.1917779985,0.071602389,0.1904761905,0.4102564103,0,0,0.2373467998,0.3252033496
"Mustela_putorius","CARNIVORA","Carnivore","domestic","LC",0,2.4298545093,0.00091873,0.0006,0.7213273225,0.0248907541,25.9384886094,0.057340813,0.4050632911,0.4487179487,0,0.0085470085,0.2063307922,0.2926326636
"Myocastor_coypus","RODENTIA","Herbivore","wild","LC",0,3.7414453288,0.00148808,0.0014,0.245404234,0.0396464061,23.5056406362,0.080095135,0.2833333333,0.4067085954,0,0.0041928721,0.2330692965,0.3120268328
"Myotis_brandtii","CHIROPTERA","Carnivore","wild","LC",0,"NA",0.00126953,0.0006,"NA",0.0295762914,27.9783552984,0.075913126,"NA","NA","NA","NA",0.2355870523,0.308994709
"Myotis_davidii","CHIROPTERA","Carnivore","wild","LC",0,"NA","NA","NA","NA",0.0346452252,22.5371246918,0.083802364,"NA","NA","NA","NA",0.2430254185,0.3267818818
"Myotis_lucifugus","CHIROPTERA","Carnivore","wild","LC",0,"NA","NA","NA","NA",0.0297426475,27.6155069912,0.075122139,"NA","NA","NA","NA",0.2379537954,0.3243856333
"Myotis_myotis","CHIROPTERA","Carnivore","wild","LC",0,2.3777442172,0.00293636,0.001,0.0703804662,0.0308036364,26.4048754761,0.070607038,0.2913752914,0.3219658977,0.0046728972,0.0040120361,0.2470417272,0.3216872603
"Myrmecophaga_tridactyla","PILOSA","Carnivore","captive","VU",1,1.4920304664,0.00312331,0.0026,0.0347749587,0.036274092,27.771702573,0.084805027,0.3309859155,0.3946902655,0.0046948357,0.0008857396,0.2409682969,0.3291782304
"Nannospalax_galili","RODENTIA","Herbivore","wild","DD","NA",10.2534479574,0.00276005,0.0014,0.1004181026,0.0415012618,22.2802513112,0.06928255,0.2955974843,0.3929098966,0.0031446541,0.0073855244,0.2358055404,0.2910152067
"Nasalis_larvatus","PRIMATES","Herbivore","captive","EN",1,1.2207862093,0.00127063,0.0005,0.4061271589,0.0327346856,22.8275807523,0.098399443,0.3315508021,0.4140127389,0,0.0063694268,0.2673578385,0.3780758017
"Neomonachus_schauinslandi","CARNIVORA","Carnivore","wild","EN",1,"NA","NA","NA","NA",0.0348115902,22.3897288917,0.104592372,"NA","NA","NA","NA",0.262802324,0.3590131221
"Neophocaena_asiaeorientalis","CETARTIODACTYLA","Carnivore","wild","CR",1,0.7479053175,0.003504551,0.0024,0.0481544425,0.0381997166,22.7250600851,0.119965967,0.3441108545,0.4076738609,0,0.0047961631,0.2756307889,0.3591958302
"Noctilio_leporinus","CHIROPTERA","Carnivore","wild","LC",0,3.0410645642,0.00030849,0.0002,0.8547549512,0.035467313,21.3776150104,0.09517205,0.3469387755,0.3761904762,0,0.0047619048,0.2647593517,0.3604203671
"Nomascus_leucogenys","PRIMATES","Herbivore","wild","CR",1,1.3561452306,0.00507116,0.0042,0.0115915627,0.0312855623,22.4339216237,0.102186337,0.3631346578,0.4197730956,0.0066225166,0.0043290043,0.2895235838,0.380048176
"Nycticebus_coucang","PRIMATES","Omnivore","wild","EN",1,2.4442657108,0.00211337,0.001,0.2544531637,0.0346872673,25.6149536841,0.083806165,0.3472222222,0.3804173355,0.0208333333,0.0064308682,0.2560074475,0.3268532451
"Ochotona_princeps","LAGOMORPHA","Herbivore","wild","LC",0,"NA","NA","NA","NA",0.0389119524,19.1033004741,0.07266181,"NA","NA","NA","NA",0.2313013878,0.3131582362
"Octodon_degus","RODENTIA","Herbivore","captive","LC",0,7.587891212,0.00273668,0.0025,0.1402305384,0.0379334654,24.2649763619,0.069254148,0.3794117647,0.3678382282,0.0108267717,0.0067567568,0.2020382937,0.2782926555
"Odobenus_rosmarus","CARNIVORA","Carnivore","wild","VU",1,0.743712353,0.00146923,0.001,0.0693924028,0.0292554192,25.8001627024,0.083422282,0.3230174081,0.3685185185,0.003868472,0.0018518519,0.2522088353,0.3405656037
"Odocoileus_virginianus","CETARTIODACTYLA","Herbivore","wild","LC",0,"NA","NA","NA","NA",0.0291064323,25.6217387825,0.06888982,"NA","NA","NA","NA",0.2130438869,0.3032127612
"Okapia_johnstoni","CETARTIODACTYLA","Herbivore","captive","EN",1,"NA","NA","NA","NA",0.0346472498,22.482329855,0.08656329,"NA","NA","NA","NA",0.2509580042,0.3159126084
"Ondatra_zibethicus","RODENTIA","Omnivore","wild","LC",0,4.7759990601,0.00180924,0.0038,0.4601864554,0.036542088,21.267196723,0.068470852,0.2925170068,0.3400809717,0.0068027211,0,0.2166489765,0.293792198
"Onychomys_torridus","RODENTIA","Omnivore","wild","LC",0,9.4352125834,0.00264422,0.0024,0.1538378087,0.0345896647,22.5150634573,0.065910638,0.2541436464,0.3234984194,0.0018416206,0.0021074816,0.2326463154,0.2776131828
"Orcinus_orca","CETARTIODACTYLA","Carnivore","wild","DD","NA",0.3483287772,0.0009755,0.0006,0.3950750852,0.0328314705,24.9584365748,0.112314903,0.3333333333,0.4646962233,0.0056980057,0.0016420361,0.276331131,0.3546622678
"Orycteropus_afer","TUBULIDENTATA","Carnivore","wild","LC",0,1.3202453975,0.00174877,0.0005,0.184369952,0.0582019807,14.5561307926,0.109573096,0.3074074074,0.3927392739,0,0.00330033,0.267800729,0.3335756017
"Oryctolagus_cuniculus","LAGOMORPHA","Herbivore","wild","EN",1,"NA","NA","NA","NA",0.0338450211,20.9484060195,0.065147393,0.1679566563,0.249463624,0.0015479876,0.0025355959,0.210137931,0.2780780994
"Otolemur_garnettii","PRIMATES","Herbivore","captive","LC",0,4.7649026664,0.00185588,0.0006,0.3275123467,0.0306316831,22.8109472285,0.068193573,0.4038800705,0.3847675569,0.0053191489,0.0009891197,0.2197332582,0.2957584256
"Ovis_aries","CETARTIODACTYLA","Herbivore","domestic","LC",0,1.9421061152,0.00373849,0.0042,0.1365224878,0.0308668043,26.8039688316,0.099422807,0.2177985948,0.3171889839,0,0.0028544244,0.2485243865,0.3199789141
"Ovis_canadensis","CETARTIODACTYLA","Herbivore","NA","EN",1,0.9975715203,0.0007447,0.001,0.3994286181,0.0321717841,25.3930932275,0.09375,"NA",0.3214285714,"NA",0,0.2602040816,0.3092105263
"Pan_paniscus","PRIMATES","Omnivore","wild","EN",1,0.6935889454,"NA","NA","NA",0.0379062416,20.9342301243,0.143039139,0.4263038549,0.4967061924,0.0113636364,0.0065963061,0.3697683868,0.4253263265
"Pan_troglodytes","PRIMATES","Omnivore","captive","EN",1,0.5784518438,0.000366513,0.0019,0.078511305,0.0361202353,22.3039247851,0.135916578,0.4785407725,0.4912790698,0.0021459227,0.0087209302,0.3377971209,0.4081551861
"Panthera_onca","CARNIVORA","Carnivore","captive","NT",1,0.9694603215,0.00080409,0.0013,0.5124210181,0.0295691309,25.4894765839,0.091995529,0.3440860215,0.3392156863,0.0107526882,0.0019607843,0.2939545202,0.3085231275
"Panthera_pardus","CARNIVORA","Carnivore","captive","VU",1,1.4527103131,0.00081605,0.0007,0.3880406682,0.0274902301,27.597223358,0.08180469,0.3501945525,0.3696682464,0.0038910506,0.0023696682,0.2379454927,0.3061101937
"Panthera_tigris","CARNIVORA","Carnivore","captive","EN",1,"NA","NA","NA","NA",0.0306591516,24.9285432655,0.12370793,"NA","NA","NA","NA",0.2987832357,0.3794219154
"Pantholops_hodgsonii","CETARTIODACTYLA","Herbivore","wild","NT",1,"NA","NA","NA","NA",0.0308547639,24.1185831592,0.081119795,"NA","NA","NA","NA",0.2295016077,0.3248751469
"Papio_anubis","PRIMATES","Omnivore","captive","LC",0,1.9137177197,0.00266748,0.0011,0.1264541151,0.0296768255,23.5220009378,0.083078491,0.3508064516,0.3703703704,0.0053835801,0.0024691358,0.2649898029,0.3339081699
"Paradoxurus_hermaphroditus","CARNIVORA","Omnivore","wild","LC",0,2.935265127,0.00465656,0.005,0.1530075511,0.0217894752,25.1837628959,0.049951199,0.2583892617,0.3240067152,0.0011185682,0.0028011204,0.2075119125,0.295603848
"Perognathus_longimembris","RODENTIA","Omnivore","wild","EN",1,8.3970234306,0.00229246,0.0005,0.3458723966,0.0352897267,21.2225730961,0.067673291,0.2215189873,0.3181257707,0,0.0061652281,0.2214708369,0.3075241119
"Peromyscus_maniculatus","RODENTIA","Omnivore","NA","LC",0,27.0247509355,0.00330027,0.0007,0.6334900779,0.0312257106,23.1399595097,0.050785832,0.2276243094,0.255383453,0.0022099448,0.0011333585,0.1914371343,0.2495079189
"Petromus_typicus","RODENTIA","Herbivore","wild","LC",0,8.4359862214,0.00451453,0.005,0.1339020871,0.032709483,21.1769459737,0.074082588,0.4046931408,0.4515964674,0.0116788321,0.0073756432,0.2728834356,0.3299843917
"Phocoena_phocoena","CETARTIODACTYLA","Carnivore","wild","LC",0,2.0190205916,0.00188649,0.0016,0.0878884926,0.036509648,23.524847185,0.10573541,0.2912457912,0.371090448,0.0084175084,0.0059221658,0.2632202052,0.3672187322
"Piliocolobus_tephrosceles","PRIMATES","Herbivore","wild","EN",1,"NA","NA","NA","NA",0.0295956402,23.1685127255,0.086892887,"NA","NA","NA","NA",0.2732810414,0.3666820855
"Pipistrellus_pipistrellus","CHIROPTERA","Carnivore","wild","LC",0,4.5952296921,0.00389383,0.0014,0.1277551347,0.0311451769,24.2165778519,0.07845908,0.2948717949,0.3485193622,0.0064102564,0.0028490028,0.2286339166,0.3430299116
"Pithecia_pithecia","PRIMATES","Omnivore","wild","LC",0,2.2150951569,0.00164099,0.002,0.331214725,0.0313813554,23.7959995014,0.086946499,0.3927765237,0.3818565401,0,0.0031678986,0.2530451192,0.3397264966
"Platanista_gangetica","CETARTIODACTYLA","Carnivore","wild","EN",1,0.1452444316,0.00036651,0.0005,0.7274833929,0.0381822411,22.1131283105,0.13003807,0.5714285714,0.5853658537,0,0,0.3218013719,0.4246214211
"Pongo_abelii","PRIMATES","Omnivore","captive","CR",1,1.1437320729,0.0032076,0.003,0.2106989601,0.0305415469,22.6412869782,0.090441851,"NA","NA","NA","NA",0.2798908042,0.3619967906
"Procavia_capensis","HYRACOIDEA","Herbivore","wild","LC",0,2.6324865652,0.00458903,0.004,0.0816567596,0.0406133046,18.1936763516,0.092684672,0.4121265378,0.4565096181,0.0109564702,0.0073157006,0.2545241287,0.3370277486
"Propithecus_coquereli","PRIMATES","Herbivore","captive","CR",1,"NA","NA","NA","NA",0.0272311432,23.6160536117,0.072489938,"NA","NA","NA","NA",0.2327107254,0.3227619947
"Psammomys_obesus","RODENTIA","Herbivore","captive","LC",0,14.6077135753,0.00169857,0.0005,0.5088973215,0.0391811236,19.3843938626,0.078798392,0.25,0.3757961783,0,0.0021231423,0.2245173592,0.2919675917
"Pteronotus_parnellii","CHIROPTERA","Carnivore","wild","LC",0,2.1302546653,0.0016079,0.001,0.0680552449,0.0270827969,27.7415001464,0.077613194,0.4597156398,0.5035971223,0.0144578313,0.0097205346,0.2856861328,0.3693919945
"Pteronura_brasiliensis","CARNIVORA","Carnivore","wild","EN",1,2.011247935,0.00097472,0.001,0.3997516681,0.0311773611,23.647689521,0.074886157,0.3576388889,0.3636363636,0.0034722222,0.0032467532,0.2346471804,0.3052969607
"Pteropus_alecto","CHIROPTERA","Herbivore","wild","LC",0,"NA","NA","NA","NA",0.0262581744,25.2631847101,0.07923514,"NA","NA","NA","NA",0.2277787292,0.3407353769
"Pteropus_vampyrus","CHIROPTERA","Herbivore","wild","NT",1,1.7207543533,0.00586718,0.0057,0.0157441261,0.0253941026,25.8118972296,0.065840743,0.2169954476,0.2853678254,0.0030349014,0.0016168149,0.2087779344,0.3122011688
"Puma_concolor","CARNIVORA","Carnivore","wild","LC",0,2.343852084,0.00151529,0.0007,0.446979714,0.0254518796,25.6595807275,0.075955449,0.2831858407,0.3886363636,0.0044444444,0.002283105,0.2507952043,0.3139231499
"Pygathrix_nemaeus","PRIMATES","Herbivore","captive","CR",1,1.3138074603,0.00167261,0.0015,0.2355899846,0.0321429852,23.7196502718,0.10195504,0.4476570289,0.5061494797,0.007106599,0.0043082815,0.2955830389,0.379229584
"Rangifer_tarandus","CETARTIODACTYLA","Herbivore","NA","VU",1,3.657486457,0.00280678,0.0025,0.0863480985,0.0334257224,24.352618648,0.081093155,0.404189772,0.4453619598,0.0087010566,0.0058203991,0.2629932209,0.3339890798
"Rattus_norvegicus","RODENTIA","Omnivore","wild","LC",0,15.2699794463,0.0046859,0.0036,0.0286086382,0.0369303982,22.1720059863,0.066762393,"NA","NA","NA","NA",0.23784389,0.3020896274
"Rhinolophus_sinicus","CHIROPTERA","Carnivore","wild","LC",0,1.1009451867,0.00688037,0.0071,0.0422106654,0.0276683032,24.2010883741,0.081769818,0.2337917485,0.3459759482,0.0158415842,0.0074349442,0.2866993222,0.3679622664
"Rhinopithecus_bieti","PRIMATES","Herbivore","wild","EN",1,1.0351651173,0.005867182,0.001,0.3564257295,0.0340074132,23.6275407947,0.115492219,0.6026058632,0.5777777778,0.0248344371,0.0139186296,0.3186206897,0.3813315263
"Rhinopithecus_roxellana","PRIMATES","Herbivore","captive","EN",1,1.0010740005,0.00128013,0.0006,0.345657101,0.034507221,23.0276440531,0.111171961,0.4864864865,0.5113077679,0.0216138329,0.0039447732,0.3121852971,0.3778947368
"Rousettus_aegyptiacus","CHIROPTERA","Herbivore","wild","LC",0,4.5747904182,0.00244141,0.0045,0.4416904198,0.0272439582,23.2972008932,0.077952075,0.3838771593,0.4071601942,0.0077770577,0.0079656863,0.2673200626,0.3467463493
"Saguinus_imperator","PRIMATES","Omnivore","captive","LC",0,2.3764244864,0.00253827,0.0005,0.1516606639,0.0306060131,27.4608261361,0.087676028,0.4712005552,0.5050816138,0.0154820549,0.0118159204,0.2628425498,0.3534721211
"Saiga_tatarica","CETARTIODACTYLA","Herbivore","captive","CR",1,1.0567799944,0.00197476,0.0006,0.2495347356,0.030065327,24.1135678615,0.080256016,0.5251141553,0.5201177625,0.0108024691,0.0109670987,0.253445976,0.3480631683
"Saimiri_boliviensis","PRIMATES","Omnivore","captive","LC",0,1.6809374019,0.00131856,0.0006,0.3898543187,0.0275412202,24.5809712974,0.075673107,0.4598269468,0.4797101449,0.0164141414,0.0072674419,0.2653458826,0.3449530193
"Scalopus_aquaticus","EULIPOTYPHLA","Omnivore","wild","LC",0,4.3413628738,0.00092818,0.0005,0.8072037158,0.0269703339,22.7099259936,0.069410633,0.4338235294,0.4394618834,0,0,0.2365169458,0.3192754769
"Semnopithecus_entellus","PRIMATES","Herbivore","captive","LC",0,1.495159814,0.0020818,0.002,0.2094557827,0.0299385253,23.6254377771,0.093035448,0.4890939597,0.5353145504,0.0110826939,0.0058616647,0.2999204455,0.3848670757
"Sigmodon_hispidus","RODENTIA","Omnivore","captive","LC",0,"NA",0.00015654,0.0001,0.8442452385,0.0385688015,21.8121856345,0.065991728,"NA","NA","NA","NA",0.2247552273,0.2859821236
"Solenodon_paradoxus","EULIPOTYPHLA","Omnivore","wild","LC",0,2.6151143311,0.00094943,0.0005,0.3649926278,0.0446288049,17.2342395273,0.119040858,0.3715846995,0.4489795918,0.0072859745,0.0034013605,0.3122529644,0.3857047513
"Sorex_araneus","EULIPOTYPHLA","Omnivore","wild","LC",0,"NA","NA","NA","NA",0.0396564915,20.3745729204,0.077663585,"NA","NA","NA","NA",0.2463386696,0.316353227
"Spermophilus_dauricus","RODENTIA","Omnivore","wild","LC",0,5.1215417958,0.0027549,0.002,0.070139453,0.0354586097,24.6751095465,0.103064121,0.3494318182,0.3425324675,0,0.0064935065,0.2791960263,0.3486729452
"Spilogale_gracilis","CARNIVORA","Omnivore","wild","LC",0,4.7573867285,0.00134591,0.0006,0.4308556081,0.0284220404,22.13200377,0.070574467,0.3091603053,0.3527336861,0.0114503817,0.0035273369,0.2326765236,0.3245279904
"Suricata_suricatta","CARNIVORA","Omnivore","captive","LC",0,3.6147826293,0.0041338,0.0052,0.0917785995,0.0291273693,24.287033725,0.071332473,0.292184076,0.3437072503,0.0036523009,0.0041039672,0.2267986659,0.3141056596
"Sus_scrofa","CETARTIODACTYLA","Omnivore","domestic","LC",0,4.5117709892,0.00464626,0.001,0.1867682823,0.0295868855,20.82530887,0.070173093,"NA","NA","NA","NA",0.2447935942,0.3320904084
"Tadarida_brasiliensis","CHIROPTERA","Carnivore","wild","LC",0,5.5862219572,0.00757644,0.008,0.0148284359,0.0338995913,23.0013770022,0.083711577,0.1886608016,0.2636641889,0.0009775171,0.0034995626,0.2532491955,0.338870494
"Tamandua_tetradactyla","PILOSA","Carnivore","captive","LC",0,4.6947954684,0.00558633,0.007,0.0710310889,0.0466290359,21.2903993512,0.101561436,0.4723127036,0.4750617284,0.0136581764,0.0078503424,0.273255814,0.3282641755
"Tapirus_indicus","PERISSODACTYLA","Herbivore","captive","EN",1,1.6163937281,0.00083614,0.0004,0.5117270658,0.0348229226,20.6344702307,0.098076369,0.4651162791,0.4875100725,0.013671875,0.0032310178,0.2875314303,0.3480943408
"Tapirus_terrestris","PERISSODACTYLA","Herbivore","captive","VU",1,1.8643311982,0.00343888,0.0044,0.0766689131,0.0304505597,22.6657689857,0.085097569,0.3104041273,0.3939079266,0.0017196905,0.0020775623,0.2523924515,0.338694349
"Thryonomys_swinderianus","RODENTIA","Herbivore","wild","LC",0,7.5919067226,0.0034472,0.0035,0.0848938411,0.0347050515,21.4815818713,0.078396775,0.2239583333,0.350140056,0,0.0018674136,0.2579111775,0.3171851592
"Tolypeutes_matacus","CINGULATA","Carnivore","captive","NT",1,0.8242986466,0.00300052,0.001,0.098745106,0.0406875473,25.2710078281,0.096463242,0.3773584906,0.3765903308,0.0063291139,0.0025510204,0.2698141828,0.3492521985
"Tonatia_saurophila","CHIROPTERA","Omnivore","wild","LC",0,4.0792070858,0.0029845,0.0026,0.1095182754,0.0274851276,25.4975008539,0.064230524,0.264,0.32138391,0.0021818182,0.0008336807,0.2188718482,0.3124419361
"Tragulus_javanicus","CETARTIODACTYLA","Herbivore","captive","DD","NA",5.5787694756,0.00483499,0.0052,0.1797699271,0.0304540319,23.3603197355,0.078015772,0.5698529412,0.5550964187,0.0234567901,0.0180055402,0.2505746332,0.3422944122
"Trichechus_manatus","SIRENIA","Herbivore","captive","EN",1,1.8160702432,0.00137025,0.0005,0.5253647987,0.0338240683,21.5477673944,0.095679833,0.3804627249,0.4604141291,0,0.0048721072,0.2729505275,0.3644621165
"Tupaia_chinensis","SCANDENTIA","Omnivore","captive","LC",0,7.5776398675,0.00442981,0.0028,0.0126248206,0.036665249,21.0741663516,0.078029912,0.3139643861,0.341438179,0.0103189493,0.0056965303,0.2242318932,0.2892335766
"Tupaia_tana","SCANDENTIA","Omnivore","captive","LC",0,4.1561359955,0.0036735,0.0011,0.1587252967,0.0312477808,25.9740687183,0.060440058,0.414893617,0.271641791,0.0053475936,0.0059701493,0.2223587224,0.2689703808
"Tursiops_truncatus","CETARTIODACTYLA","Carnivore","wild","LC",0,1.1337238009,0.00124103,0.0006,0.3526988267,0.0307015557,24.7448794839,0.091822274,0.3446153846,0.4223433243,0.0030959752,0.002728513,0.2889877642,0.3683274021
"Uropsilus_gracilis","EULIPOTYPHLA","Omnivore","wild","LC",0,7.5673577225,0.00171926,0.0016,0.1977754997,0.0409231084,16.7183796099,0.081918278,0.3287671233,0.3247232472,0,0.0036900369,0.2461445095,0.3197275471
"Ursus_maritimus","CARNIVORA","Carnivore","captive","VU",1,0.5453277709,0.00093699,0.0005,0.3161277604,0.0250548852,25.7062651485,0.075097686,0.3742690058,0.4248120301,0,0.0037593985,0.2502669989,0.3428433657
"Vicugna_pacos","CETARTIODACTYLA","Herbivore","domestic","LC",0,"NA","NA","NA","NA",0.0321153474,22.615442591,0.086916702,"NA","NA","NA","NA",0.244657766,0.3336184773
"Vulpes_lagopus","CARNIVORA","Carnivore","captive","LC",0,3.6824681822,0.0014776,0.0021,0.4825797291,0.0242223274,28.676294723,0.054604573,0.252,0.3095623987,0,0.0032414911,0.1944620856,0.2865021943
"Xerus_inauris","RODENTIA","Omnivore","wild","LC",0,4.0775289198,0.00158498,0.0006,0.3616814816,0.0290608318,23.1280704683,0.062846159,0.3531746032,0.326625387,0,0,0.2224487236,0.2994982733
"Zalophus_californianus","CARNIVORA","Carnivore","wild","LC",0,0.5797084536,0.0009136,0.0006,0.3817307234,0.0288000626,25.1086364867,0.077842143,0.3076923077,0.388185654,0.0180995475,0.0021097046,0.2347098798,0.3250762011
"Zapus_hudsonius","RODENTIA","Omnivore","captive","LC",0,14.9801740405,0.0045465,0.0052,0.0749808331,0.0444943238,19.6988236339,0.082180654,0.1854284861,0.2235615757,0.0020914252,0.001739995,0.2353530295,0.3205057875
"Ziphius_cavirostris","CETARTIODACTYLA","Carnivore","wild","LC",0,0.8533538057,0.003711182,0.0023,0.0486928426,0.0383300511,22.5013304448,0.105616527,0.3148148148,0.4068965517,0.0037174721,0.0017241379,0.278158668,0.3755801499
